Date,Year,Month,Month_Name,Day,Winning_Number
2022-01-02,2022.0,1.0,January,2.0,71.0
2022-01-03,2022.0,1.0,January,3.0,53.0
2022-01-04,2022.0,1.0,January,4.0,11.0
2022-01-05,2022.0,1.0,January,5.0,81.0
2022-01-06,2022.0,1.0,January,6.0,33.0
2022-01-07,2022.0,1.0,January,7.0,77.0
2022-01-08,2022.0,1.0,January,8.0,39.0
2022-01-09,2022.0,1.0,January,9.0,47.0
2022-01-10,2022.0,1.0,January,10.0,54.0
2022-01-11,2022.0,1.0,January,11.0,77.0
2022-01-12,2022.0,1.0,January,12.0,76.0
2022-01-13,2022.0,1.0,January,13.0,28.0
2022-01-14,2022.0,1.0,January,14.0,38.0
2022-01-15,2022.0,1.0,January,15.0,72.0
2022-01-16,2022.0,1.0,January,16.0,31.0
2022-01-17,2022.0,1.0,January,17.0,54.0
2022-01-18,2022.0,1.0,January,18.0,38.0
2022-01-19,2022.0,1.0,January,19.0,58.0
2022-01-20,2022.0,1.0,January,20.0,46.0
2022-01-21,2022.0,1.0,January,21.0,18.0
2022-01-22,2022.0,1.0,January,22.0,49.0
2022-01-23,2022.0,1.0,January,23.0,41.0
2022-01-24,2022.0,1.0,January,24.0,3.0
2022-01-25,2022.0,1.0,January,25.0,71.0
2022-01-26,2022.0,1.0,January,26.0,41.0
2022-01-27,2022.0,1.0,January,27.0,24.0
2022-01-28,2022.0,1.0,January,28.0,94.0
2022-01-29,2022.0,1.0,January,29.0,38.0
2022-01-30,2022.0,1.0,January,30.0,2.0
2022-01-31,2022.0,1.0,January,31.0,99.0
2022-02-02,2022.0,2.0,February,2.0,56.0
2022-02-03,2022.0,2.0,February,3.0,17.0
2022-02-04,2022.0,2.0,February,4.0,8.0
2022-02-05,2022.0,2.0,February,5.0,63.0
2022-02-06,2022.0,2.0,February,6.0,86.0
2022-02-07,2022.0,2.0,February,7.0,67.0
2022-02-08,2022.0,2.0,February,8.0,40.0
2022-02-09,2022.0,2.0,February,9.0,7.0
2022-02-10,2022.0,2.0,February,10.0,38.0
2022-02-11,2022.0,2.0,February,11.0,25.0
2022-02-12,2022.0,2.0,February,12.0,3.0
2022-02-13,2022.0,2.0,February,13.0,58.0
2022-02-14,2022.0,2.0,February,14.0,92.0
2022-02-15,2022.0,2.0,February,15.0,26.0
2022-02-16,2022.0,2.0,February,16.0,98.0
2022-02-17,2022.0,2.0,February,17.0,15.0
2022-02-18,2022.0,2.0,February,18.0,44.0
2022-02-19,2022.0,2.0,February,19.0,24.0
2022-02-20,2022.0,2.0,February,20.0,77.0
2022-02-21,2022.0,2.0,February,21.0,29.0
2022-02-22,2022.0,2.0,February,22.0,42.0
2022-02-23,2022.0,2.0,February,23.0,43.0
2022-02-24,2022.0,2.0,February,24.0,82.0
2022-02-25,2022.0,2.0,February,25.0,44.0
2022-02-26,2022.0,2.0,February,26.0,59.0
2022-02-27,2022.0,2.0,February,27.0,85.0
2022-02-28,2022.0,2.0,February,28.0,86.0
2022-03-02,2022.0,3.0,March,2.0,92.0
2022-03-03,2022.0,3.0,March,3.0,66.0
2022-03-04,2022.0,3.0,March,4.0,59.0
2022-03-05,2022.0,3.0,March,5.0,30.0
2022-03-06,2022.0,3.0,March,6.0,69.0
2022-03-07,2022.0,3.0,March,7.0,53.0
2022-03-08,2022.0,3.0,March,8.0,50.0
2022-03-09,2022.0,3.0,March,9.0,64.0
2022-03-10,2022.0,3.0,March,10.0,12.0
2022-03-11,2022.0,3.0,March,11.0,95.0
2022-03-12,2022.0,3.0,March,12.0,47.0
2022-03-13,2022.0,3.0,March,13.0,38.0
2022-03-14,2022.0,3.0,March,14.0,94.0
2022-03-15,2022.0,3.0,March,15.0,84.0
2022-03-16,2022.0,3.0,March,16.0,40.0
2022-03-17,2022.0,3.0,March,17.0,10.0
2022-03-18,2022.0,3.0,March,18.0,62.0
2022-03-19,2022.0,3.0,March,19.0,98.0
2022-03-20,2022.0,3.0,March,20.0,89.0
2022-03-21,2022.0,3.0,March,21.0,31.0
2022-03-22,2022.0,3.0,March,22.0,59.0
2022-03-23,2022.0,3.0,March,23.0,68.0
2022-03-24,2022.0,3.0,March,24.0,95.0
2022-03-25,2022.0,3.0,March,25.0,97.0
2022-03-26,2022.0,3.0,March,26.0,91.0
2022-03-27,2022.0,3.0,March,27.0,89.0
2022-03-28,2022.0,3.0,March,28.0,57.0
2022-03-29,2022.0,3.0,March,29.0,87.0
2022-03-30,2022.0,3.0,March,30.0,34.0
2022-03-31,2022.0,3.0,March,31.0,87.0
2022-04-02,2022.0,4.0,April,2.0,35.0
2022-04-03,2022.0,4.0,April,3.0,25.0
2022-04-04,2022.0,4.0,April,4.0,66.0
2022-04-05,2022.0,4.0,April,5.0,53.0
2022-04-06,2022.0,4.0,April,6.0,21.0
2022-04-07,2022.0,4.0,April,7.0,12.0
2022-04-08,2022.0,4.0,April,8.0,77.0
2022-04-09,2022.0,4.0,April,9.0,31.0
2022-04-10,2022.0,4.0,April,10.0,71.0
2022-04-11,2022.0,4.0,April,11.0,49.0
2022-04-12,2022.0,4.0,April,12.0,99.0
2022-04-13,2022.0,4.0,April,13.0,7.0
2022-04-14,2022.0,4.0,April,14.0,15.0
2022-04-15,2022.0,4.0,April,15.0,99.0
2022-04-16,2022.0,4.0,April,16.0,86.0
2022-04-17,2022.0,4.0,April,17.0,69.0
2022-04-18,2022.0,4.0,April,18.0,92.0
2022-04-19,2022.0,4.0,April,19.0,61.0
2022-04-20,2022.0,4.0,April,20.0,52.0
2022-04-21,2022.0,4.0,April,21.0,68.0
2022-04-22,2022.0,4.0,April,22.0,83.0
2022-04-23,2022.0,4.0,April,23.0,67.0
2022-04-24,2022.0,4.0,April,24.0,13.0
2022-04-25,2022.0,4.0,April,25.0,77.0
2022-04-26,2022.0,4.0,April,26.0,15.0
2022-04-27,2022.0,4.0,April,27.0,68.0
2022-04-28,2022.0,4.0,April,28.0,48.0
2022-04-29,2022.0,4.0,April,29.0,80.0
2022-04-30,2022.0,4.0,April,30.0,91.0
2022-05-02,2022.0,5.0,May,2.0,35.0
2022-05-03,2022.0,5.0,May,3.0,28.0
2022-05-04,2022.0,5.0,May,4.0,97.0
2022-05-05,2022.0,5.0,May,5.0,25.0
2022-05-06,2022.0,5.0,May,6.0,13.0
2022-05-07,2022.0,5.0,May,7.0,24.0
2022-05-08,2022.0,5.0,May,8.0,22.0
2022-05-09,2022.0,5.0,May,9.0,24.0
2022-05-10,2022.0,5.0,May,10.0,1.0
2022-05-11,2022.0,5.0,May,11.0,70.0
2022-05-12,2022.0,5.0,May,12.0,92.0
2022-05-13,2022.0,5.0,May,13.0,84.0
2022-05-14,2022.0,5.0,May,14.0,98.0
2022-05-15,2022.0,5.0,May,15.0,3.0
2022-05-16,2022.0,5.0,May,16.0,75.0
2022-05-17,2022.0,5.0,May,17.0,43.0
2022-05-18,2022.0,5.0,May,18.0,7.0
2022-05-19,2022.0,5.0,May,19.0,52.0
2022-05-20,2022.0,5.0,May,20.0,17.0
2022-05-21,2022.0,5.0,May,21.0,50.0
2022-05-22,2022.0,5.0,May,22.0,34.0
2022-05-23,2022.0,5.0,May,23.0,92.0
2022-05-24,2022.0,5.0,May,24.0,5.0
2022-05-25,2022.0,5.0,May,25.0,31.0
2022-05-26,2022.0,5.0,May,26.0,43.0
2022-05-27,2022.0,5.0,May,27.0,83.0
2022-05-28,2022.0,5.0,May,28.0,35.0
2022-05-29,2022.0,5.0,May,29.0,70.0
2022-05-30,2022.0,5.0,May,30.0,95.0
2022-05-31,2022.0,5.0,May,31.0,89.0
2022-06-02,2022.0,6.0,June,2.0,98.0
2022-06-03,2022.0,6.0,June,3.0,79.0
2022-06-04,2022.0,6.0,June,4.0,1.0
2022-06-05,2022.0,6.0,June,5.0,46.0
2022-06-06,2022.0,6.0,June,6.0,5.0
2022-06-07,2022.0,6.0,June,7.0,79.0
2022-06-08,2022.0,6.0,June,8.0,37.0
2022-06-09,2022.0,6.0,June,9.0,7.0
2022-06-10,2022.0,6.0,June,10.0,47.0
2022-06-11,2022.0,6.0,June,11.0,78.0
2022-06-12,2022.0,6.0,June,12.0,21.0
2022-06-13,2022.0,6.0,June,13.0,17.0
2022-06-14,2022.0,6.0,June,14.0,65.0
2022-06-15,2022.0,6.0,June,15.0,13.0
2022-06-16,2022.0,6.0,June,16.0,71.0
2022-06-17,2022.0,6.0,June,17.0,60.0
2022-06-18,2022.0,6.0,June,18.0,21.0
2022-06-19,2022.0,6.0,June,19.0,24.0
2022-06-20,2022.0,6.0,June,20.0,35.0
2022-06-21,2022.0,6.0,June,21.0,61.0
2022-06-22,2022.0,6.0,June,22.0,85.0
2022-06-23,2022.0,6.0,June,23.0,79.0
2022-06-24,2022.0,6.0,June,24.0,84.0
2022-06-25,2022.0,6.0,June,25.0,73.0
2022-06-26,2022.0,6.0,June,26.0,79.0
2022-06-27,2022.0,6.0,June,27.0,1.0
2022-06-28,2022.0,6.0,June,28.0,51.0
2022-06-29,2022.0,6.0,June,29.0,80.0
2022-06-30,2022.0,6.0,June,30.0,45.0
2022-07-02,2022.0,7.0,July,2.0,28.0
2022-07-03,2022.0,7.0,July,3.0,95.0
2022-07-04,2022.0,7.0,July,4.0,75.0
2022-07-05,2022.0,7.0,July,5.0,65.0
2022-07-06,2022.0,7.0,July,6.0,61.0
2022-07-07,2022.0,7.0,July,7.0,47.0
2022-07-08,2022.0,7.0,July,8.0,69.0
2022-07-09,2022.0,7.0,July,9.0,96.0
2022-07-10,2022.0,7.0,July,10.0,41.0
2022-07-11,2022.0,7.0,July,11.0,96.0
2022-07-12,2022.0,7.0,July,12.0,63.0
2022-07-13,2022.0,7.0,July,13.0,69.0
2022-07-14,2022.0,7.0,July,14.0,28.0
2022-07-15,2022.0,7.0,July,15.0,50.0
2022-07-16,2022.0,7.0,July,16.0,60.0
2022-07-17,2022.0,7.0,July,17.0,83.0
2022-07-18,2022.0,7.0,July,18.0,42.0
2022-07-19,2022.0,7.0,July,19.0,27.0
2022-07-20,2022.0,7.0,July,20.0,41.0
2022-07-21,2022.0,7.0,July,21.0,59.0
2022-07-22,2022.0,7.0,July,22.0,93.0
2022-07-23,2022.0,7.0,July,23.0,45.0
2022-07-24,2022.0,7.0,July,24.0,89.0
2022-07-25,2022.0,7.0,July,25.0,46.0
2022-07-26,2022.0,7.0,July,26.0,87.0
2022-07-27,2022.0,7.0,July,27.0,80.0
2022-07-28,2022.0,7.0,July,28.0,3.0
2022-07-29,2022.0,7.0,July,29.0,41.0
2022-07-30,2022.0,7.0,July,30.0,62.0
2022-07-31,2022.0,7.0,July,31.0,48.0
2022-08-02,2022.0,8.0,August,2.0,48.0
2022-08-03,2022.0,8.0,August,3.0,46.0
2022-08-04,2022.0,8.0,August,4.0,30.0
2022-08-05,2022.0,8.0,August,5.0,73.0
2022-08-06,2022.0,8.0,August,6.0,18.0
2022-08-07,2022.0,8.0,August,7.0,93.0
2022-08-08,2022.0,8.0,August,8.0,32.0
2022-08-09,2022.0,8.0,August,9.0,69.0
2022-08-10,2022.0,8.0,August,10.0,20.0
2022-08-11,2022.0,8.0,August,11.0,82.0
2022-08-12,2022.0,8.0,August,12.0,13.0
2022-08-13,2022.0,8.0,August,13.0,82.0
2022-08-14,2022.0,8.0,August,14.0,27.0
2022-08-15,2022.0,8.0,August,15.0,78.0
2022-08-16,2022.0,8.0,August,16.0,52.0
2022-08-17,2022.0,8.0,August,17.0,93.0
2022-08-18,2022.0,8.0,August,18.0,76.0
2022-08-19,2022.0,8.0,August,19.0,9.0
2022-08-20,2022.0,8.0,August,20.0,83.0
2022-08-21,2022.0,8.0,August,21.0,49.0
2022-08-22,2022.0,8.0,August,22.0,36.0
2022-08-23,2022.0,8.0,August,23.0,85.0
2022-08-24,2022.0,8.0,August,24.0,81.0
2022-08-25,2022.0,8.0,August,25.0,10.0
2022-08-26,2022.0,8.0,August,26.0,41.0
2022-08-27,2022.0,8.0,August,27.0,92.0
2022-08-28,2022.0,8.0,August,28.0,44.0
2022-08-29,2022.0,8.0,August,29.0,20.0
2022-08-30,2022.0,8.0,August,30.0,27.0
2022-08-31,2022.0,8.0,August,31.0,53.0
2022-09-02,2022.0,9.0,September,2.0,65.0
2022-09-03,2022.0,9.0,September,3.0,75.0
2022-09-04,2022.0,9.0,September,4.0,49.0
2022-09-05,2022.0,9.0,September,5.0,89.0
2022-09-06,2022.0,9.0,September,6.0,3.0
2022-09-07,2022.0,9.0,September,7.0,82.0
2022-09-08,2022.0,9.0,September,8.0,75.0
2022-09-09,2022.0,9.0,September,9.0,73.0
2022-09-10,2022.0,9.0,September,10.0,49.0
2022-09-11,2022.0,9.0,September,11.0,79.0
2022-09-12,2022.0,9.0,September,12.0,66.0
2022-09-13,2022.0,9.0,September,13.0,32.0
2022-09-14,2022.0,9.0,September,14.0,52.0
2022-09-15,2022.0,9.0,September,15.0,9.0
2022-09-16,2022.0,9.0,September,16.0,60.0
2022-09-17,2022.0,9.0,September,17.0,15.0
2022-09-18,2022.0,9.0,September,18.0,15.0
2022-09-19,2022.0,9.0,September,19.0,13.0
2022-09-20,2022.0,9.0,September,20.0,66.0
2022-09-21,2022.0,9.0,September,21.0,24.0
2022-09-22,2022.0,9.0,September,22.0,15.0
2022-09-23,2022.0,9.0,September,23.0,76.0
2022-09-24,2022.0,9.0,September,24.0,3.0
2022-09-25,2022.0,9.0,September,25.0,67.0
2022-09-26,2022.0,9.0,September,26.0,5.0
2022-09-27,2022.0,9.0,September,27.0,80.0
2022-09-28,2022.0,9.0,September,28.0,72.0
2022-09-29,2022.0,9.0,September,29.0,17.0
2022-09-30,2022.0,9.0,September,30.0,79.0
2022-10-02,2022.0,10.0,October,2.0,66.0
2022-10-03,2022.0,10.0,October,3.0,81.0
2022-10-04,2022.0,10.0,October,4.0,55.0
2022-10-05,2022.0,10.0,October,5.0,52.0
2022-10-06,2022.0,10.0,October,6.0,91.0
2022-10-07,2022.0,10.0,October,7.0,82.0
2022-10-08,2022.0,10.0,October,8.0,30.0
2022-10-09,2022.0,10.0,October,9.0,15.0
2022-10-10,2022.0,10.0,October,10.0,87.0
2022-10-11,2022.0,10.0,October,11.0,43.0
2022-10-12,2022.0,10.0,October,12.0,77.0
2022-10-13,2022.0,10.0,October,13.0,93.0
2022-10-14,2022.0,10.0,October,14.0,19.0
2022-10-15,2022.0,10.0,October,15.0,12.0
2022-10-16,2022.0,10.0,October,16.0,78.0
2022-10-17,2022.0,10.0,October,17.0,57.0
2022-10-18,2022.0,10.0,October,18.0,91.0
2022-10-19,2022.0,10.0,October,19.0,59.0
2022-10-20,2022.0,10.0,October,20.0,45.0
2022-10-21,2022.0,10.0,October,21.0,28.0
2022-10-22,2022.0,10.0,October,22.0,76.0
2022-10-23,2022.0,10.0,October,23.0,59.0
2022-10-24,2022.0,10.0,October,24.0,89.0
2022-10-25,2022.0,10.0,October,25.0,81.0
2022-10-26,2022.0,10.0,October,26.0,94.0
2022-10-27,2022.0,10.0,October,27.0,72.0
2022-10-28,2022.0,10.0,October,28.0,69.0
2022-10-29,2022.0,10.0,October,29.0,22.0
2022-10-30,2022.0,10.0,October,30.0,86.0
2022-10-31,2022.0,10.0,October,31.0,27.0
2022-11-02,2022.0,11.0,November,2.0,47.0
2022-11-03,2022.0,11.0,November,3.0,91.0
2022-11-04,2022.0,11.0,November,4.0,2.0
2022-11-05,2022.0,11.0,November,5.0,42.0
2022-11-06,2022.0,11.0,November,6.0,64.0
2022-11-07,2022.0,11.0,November,7.0,41.0
2022-11-08,2022.0,11.0,November,8.0,41.0
2022-11-09,2022.0,11.0,November,9.0,90.0
2022-11-10,2022.0,11.0,November,10.0,18.0
2022-11-11,2022.0,11.0,November,11.0,83.0
2022-11-12,2022.0,11.0,November,12.0,81.0
2022-11-13,2022.0,11.0,November,13.0,70.0
2022-11-14,2022.0,11.0,November,14.0,67.0
2022-11-15,2022.0,11.0,November,15.0,20.0
2022-11-16,2022.0,11.0,November,16.0,38.0
2022-11-17,2022.0,11.0,November,17.0,70.0
2022-11-18,2022.0,11.0,November,18.0,34.0
2022-11-19,2022.0,11.0,November,19.0,9.0
2022-11-20,2022.0,11.0,November,20.0,86.0
2022-11-21,2022.0,11.0,November,21.0,99.0
2022-11-22,2022.0,11.0,November,22.0,44.0
2022-11-23,2022.0,11.0,November,23.0,30.0
2022-11-24,2022.0,11.0,November,24.0,98.0
2022-11-25,2022.0,11.0,November,25.0,51.0
2022-11-26,2022.0,11.0,November,26.0,68.0
2022-11-27,2022.0,11.0,November,27.0,89.0
2022-11-28,2022.0,11.0,November,28.0,77.0
2022-11-29,2022.0,11.0,November,29.0,48.0
2022-11-30,2022.0,11.0,November,30.0,33.0
2022-12-02,2022.0,12.0,December,2.0,92.0
2022-12-03,2022.0,12.0,December,3.0,48.0
2022-12-04,2022.0,12.0,December,4.0,34.0
2022-12-05,2022.0,12.0,December,5.0,64.0
2022-12-06,2022.0,12.0,December,6.0,77.0
2022-12-07,2022.0,12.0,December,7.0,66.0
2022-12-08,2022.0,12.0,December,8.0,44.0
2022-12-09,2022.0,12.0,December,9.0,16.0
2022-12-10,2022.0,12.0,December,10.0,92.0
2022-12-11,2022.0,12.0,December,11.0,24.0
2022-12-12,2022.0,12.0,December,12.0,6.0
2022-12-13,2022.0,12.0,December,13.0,73.0
2022-12-14,2022.0,12.0,December,14.0,66.0
2022-12-15,2022.0,12.0,December,15.0,96.0
2022-12-16,2022.0,12.0,December,16.0,73.0
2022-12-17,2022.0,12.0,December,17.0,56.0
2022-12-18,2022.0,12.0,December,18.0,8.0
2022-12-19,2022.0,12.0,December,19.0,66.0
2022-12-20,2022.0,12.0,December,20.0,34.0
2022-12-21,2022.0,12.0,December,21.0,3.0
2022-12-22,2022.0,12.0,December,22.0,24.0
2022-12-23,2022.0,12.0,December,23.0,39.0
2022-12-24,2022.0,12.0,December,24.0,70.0
2022-12-25,2022.0,12.0,December,25.0,91.0
2022-12-26,2022.0,12.0,December,26.0,56.0
2022-12-27,2022.0,12.0,December,27.0,40.0
2022-12-28,2022.0,12.0,December,28.0,16.0
2022-12-29,2022.0,12.0,December,29.0,51.0
2022-12-30,2022.0,12.0,December,30.0,44.0
2022-12-31,2022.0,12.0,December,31.0,52.0
2023-01-02,2023.0,1.0,January,2.0,30.0
2023-01-03,2023.0,1.0,January,3.0,60.0
2023-01-04,2023.0,1.0,January,4.0,77.0
2023-01-05,2023.0,1.0,January,5.0,65.0
2023-01-06,2023.0,1.0,January,6.0,72.0
2023-01-07,2023.0,1.0,January,7.0,17.0
2023-01-08,2023.0,1.0,January,8.0,74.0
2023-01-09,2023.0,1.0,January,9.0,95.0
2023-01-10,2023.0,1.0,January,10.0,51.0
2023-01-11,2023.0,1.0,January,11.0,71.0
2023-01-12,2023.0,1.0,January,12.0,99.0
2023-01-13,2023.0,1.0,January,13.0,98.0
2023-01-14,2023.0,1.0,January,14.0,68.0
2023-01-15,2023.0,1.0,January,15.0,78.0
2023-01-16,2023.0,1.0,January,16.0,29.0
2023-01-17,2023.0,1.0,January,17.0,15.0
2023-01-18,2023.0,1.0,January,18.0,73.0
2023-01-19,2023.0,1.0,January,19.0,73.0
2023-01-20,2023.0,1.0,January,20.0,16.0
2023-01-21,2023.0,1.0,January,21.0,94.0
2023-01-22,2023.0,1.0,January,22.0,49.0
2023-01-23,2023.0,1.0,January,23.0,98.0
2023-01-24,2023.0,1.0,January,24.0,93.0
2023-01-25,2023.0,1.0,January,25.0,62.0
2023-01-26,2023.0,1.0,January,26.0,39.0
2023-01-27,2023.0,1.0,January,27.0,32.0
2023-01-28,2023.0,1.0,January,28.0,97.0
2023-01-29,2023.0,1.0,January,29.0,93.0
2023-01-30,2023.0,1.0,January,30.0,14.0
2023-01-31,2023.0,1.0,January,31.0,50.0
2023-02-02,2023.0,2.0,February,2.0,78.0
2023-02-03,2023.0,2.0,February,3.0,4.0
2023-02-04,2023.0,2.0,February,4.0,92.0
2023-02-05,2023.0,2.0,February,5.0,52.0
2023-02-06,2023.0,2.0,February,6.0,56.0
2023-02-07,2023.0,2.0,February,7.0,87.0
2023-02-08,2023.0,2.0,February,8.0,52.0
2023-02-09,2023.0,2.0,February,9.0,42.0
2023-02-10,2023.0,2.0,February,10.0,17.0
2023-02-11,2023.0,2.0,February,11.0,70.0
2023-02-12,2023.0,2.0,February,12.0,64.0
2023-02-13,2023.0,2.0,February,13.0,35.0
2023-02-14,2023.0,2.0,February,14.0,48.0
2023-02-15,2023.0,2.0,February,15.0,97.0
2023-02-16,2023.0,2.0,February,16.0,10.0
2023-02-17,2023.0,2.0,February,17.0,35.0
2023-02-18,2023.0,2.0,February,18.0,1.0
2023-02-19,2023.0,2.0,February,19.0,53.0
2023-02-20,2023.0,2.0,February,20.0,65.0
2023-02-21,2023.0,2.0,February,21.0,6.0
2023-02-22,2023.0,2.0,February,22.0,67.0
2023-02-23,2023.0,2.0,February,23.0,63.0
2023-02-24,2023.0,2.0,February,24.0,22.0
2023-02-25,2023.0,2.0,February,25.0,65.0
2023-02-26,2023.0,2.0,February,26.0,64.0
2023-02-27,2023.0,2.0,February,27.0,44.0
2023-02-28,2023.0,2.0,February,28.0,70.0
2023-03-02,2023.0,3.0,March,2.0,62.0
2023-03-03,2023.0,3.0,March,3.0,5.0
2023-03-04,2023.0,3.0,March,4.0,14.0
2023-03-05,2023.0,3.0,March,5.0,91.0
2023-03-06,2023.0,3.0,March,6.0,17.0
2023-03-07,2023.0,3.0,March,7.0,91.0
2023-03-08,2023.0,3.0,March,8.0,48.0
2023-03-09,2023.0,3.0,March,9.0,26.0
2023-03-10,2023.0,3.0,March,10.0,28.0
2023-03-11,2023.0,3.0,March,11.0,60.0
2023-03-12,2023.0,3.0,March,12.0,1.0
2023-03-13,2023.0,3.0,March,13.0,34.0
2023-03-14,2023.0,3.0,March,14.0,16.0
2023-03-15,2023.0,3.0,March,15.0,41.0
2023-03-16,2023.0,3.0,March,16.0,11.0
2023-03-17,2023.0,3.0,March,17.0,8.0
2023-03-18,2023.0,3.0,March,18.0,49.0
2023-03-19,2023.0,3.0,March,19.0,6.0
2023-03-20,2023.0,3.0,March,20.0,72.0
2023-03-21,2023.0,3.0,March,21.0,11.0
2023-03-22,2023.0,3.0,March,22.0,57.0
2023-03-23,2023.0,3.0,March,23.0,46.0
2023-03-24,2023.0,3.0,March,24.0,82.0
2023-03-25,2023.0,3.0,March,25.0,58.0
2023-03-26,2023.0,3.0,March,26.0,4.0
2023-03-27,2023.0,3.0,March,27.0,58.0
2023-03-28,2023.0,3.0,March,28.0,96.0
2023-03-29,2023.0,3.0,March,29.0,76.0
2023-03-30,2023.0,3.0,March,30.0,39.0
2023-03-31,2023.0,3.0,March,31.0,8.0
2023-04-02,2023.0,4.0,April,2.0,39.0
2023-04-03,2023.0,4.0,April,3.0,1.0
2023-04-04,2023.0,4.0,April,4.0,80.0
2023-04-05,2023.0,4.0,April,5.0,27.0
2023-04-06,2023.0,4.0,April,6.0,84.0
2023-04-07,2023.0,4.0,April,7.0,85.0
2023-04-08,2023.0,4.0,April,8.0,22.0
2023-04-09,2023.0,4.0,April,9.0,87.0
2023-04-10,2023.0,4.0,April,10.0,15.0
2023-04-11,2023.0,4.0,April,11.0,82.0
2023-04-12,2023.0,4.0,April,12.0,95.0
2023-04-13,2023.0,4.0,April,13.0,96.0
2023-04-14,2023.0,4.0,April,14.0,26.0
2023-04-15,2023.0,4.0,April,15.0,16.0
2023-04-16,2023.0,4.0,April,16.0,79.0
2023-04-17,2023.0,4.0,April,17.0,28.0
2023-04-18,2023.0,4.0,April,18.0,35.0
2023-04-19,2023.0,4.0,April,19.0,62.0
2023-04-20,2023.0,4.0,April,20.0,42.0
2023-04-21,2023.0,4.0,April,21.0,99.0
2023-04-22,2023.0,4.0,April,22.0,55.0
2023-04-23,2023.0,4.0,April,23.0,39.0
2023-04-24,2023.0,4.0,April,24.0,79.0
2023-04-25,2023.0,4.0,April,25.0,47.0
2023-04-26,2023.0,4.0,April,26.0,27.0
2023-04-27,2023.0,4.0,April,27.0,58.0
2023-04-28,2023.0,4.0,April,28.0,46.0
2023-04-29,2023.0,4.0,April,29.0,67.0
2023-04-30,2023.0,4.0,April,30.0,1.0
2023-05-02,2023.0,5.0,May,2.0,91.0
2023-05-03,2023.0,5.0,May,3.0,76.0
2023-05-04,2023.0,5.0,May,4.0,81.0
2023-05-05,2023.0,5.0,May,5.0,34.0
2023-05-06,2023.0,5.0,May,6.0,36.0
2023-05-07,2023.0,5.0,May,7.0,28.0
2023-05-08,2023.0,5.0,May,8.0,4.0
2023-05-09,2023.0,5.0,May,9.0,29.0
2023-05-10,2023.0,5.0,May,10.0,20.0
2023-05-11,2023.0,5.0,May,11.0,81.0
2023-05-12,2023.0,5.0,May,12.0,17.0
2023-05-13,2023.0,5.0,May,13.0,90.0
2023-05-14,2023.0,5.0,May,14.0,14.0
2023-05-15,2023.0,5.0,May,15.0,72.0
2023-05-16,2023.0,5.0,May,16.0,99.0
2023-05-17,2023.0,5.0,May,17.0,4.0
2023-05-18,2023.0,5.0,May,18.0,14.0
2023-05-19,2023.0,5.0,May,19.0,97.0
2023-05-20,2023.0,5.0,May,20.0,85.0
2023-05-21,2023.0,5.0,May,21.0,90.0
2023-05-22,2023.0,5.0,May,22.0,53.0
2023-05-23,2023.0,5.0,May,23.0,32.0
2023-05-24,2023.0,5.0,May,24.0,38.0
2023-05-25,2023.0,5.0,May,25.0,37.0
2023-05-26,2023.0,5.0,May,26.0,29.0
2023-05-27,2023.0,5.0,May,27.0,21.0
2023-05-28,2023.0,5.0,May,28.0,84.0
2023-05-29,2023.0,5.0,May,29.0,71.0
2023-05-30,2023.0,5.0,May,30.0,25.0
2023-05-31,2023.0,5.0,May,31.0,47.0
2023-06-02,2023.0,6.0,June,2.0,30.0
2023-06-03,2023.0,6.0,June,3.0,99.0
2023-06-04,2023.0,6.0,June,4.0,38.0
2023-06-05,2023.0,6.0,June,5.0,76.0
2023-06-06,2023.0,6.0,June,6.0,92.0
2023-06-07,2023.0,6.0,June,7.0,92.0
2023-06-08,2023.0,6.0,June,8.0,92.0
2023-06-09,2023.0,6.0,June,9.0,64.0
2023-06-10,2023.0,6.0,June,10.0,66.0
2023-06-11,2023.0,6.0,June,11.0,14.0
2023-06-12,2023.0,6.0,June,12.0,51.0
2023-06-13,2023.0,6.0,June,13.0,11.0
2023-06-14,2023.0,6.0,June,14.0,55.0
2023-06-15,2023.0,6.0,June,15.0,97.0
2023-06-16,2023.0,6.0,June,16.0,60.0
2023-06-17,2023.0,6.0,June,17.0,79.0
2023-06-18,2023.0,6.0,June,18.0,93.0
2023-06-19,2023.0,6.0,June,19.0,50.0
2023-06-20,2023.0,6.0,June,20.0,67.0
2023-06-21,2023.0,6.0,June,21.0,68.0
2023-06-22,2023.0,6.0,June,22.0,73.0
2023-06-23,2023.0,6.0,June,23.0,9.0
2023-06-24,2023.0,6.0,June,24.0,32.0
2023-06-25,2023.0,6.0,June,25.0,63.0
2023-06-26,2023.0,6.0,June,26.0,7.0
2023-06-27,2023.0,6.0,June,27.0,76.0
2023-06-28,2023.0,6.0,June,28.0,22.0
2023-06-29,2023.0,6.0,June,29.0,63.0
2023-06-30,2023.0,6.0,June,30.0,21.0
2023-07-02,2023.0,7.0,July,2.0,68.0
2023-07-03,2023.0,7.0,July,3.0,51.0
2023-07-04,2023.0,7.0,July,4.0,62.0
2023-07-05,2023.0,7.0,July,5.0,27.0
2023-07-06,2023.0,7.0,July,6.0,8.0
2023-07-07,2023.0,7.0,July,7.0,99.0
2023-07-08,2023.0,7.0,July,8.0,48.0
2023-07-09,2023.0,7.0,July,9.0,20.0
2023-07-10,2023.0,7.0,July,10.0,9.0
2023-07-11,2023.0,7.0,July,11.0,96.0
2023-07-12,2023.0,7.0,July,12.0,31.0
2023-07-13,2023.0,7.0,July,13.0,6.0
2023-07-14,2023.0,7.0,July,14.0,46.0
2023-07-15,2023.0,7.0,July,15.0,60.0
2023-07-16,2023.0,7.0,July,16.0,32.0
2023-07-17,2023.0,7.0,July,17.0,32.0
2023-07-18,2023.0,7.0,July,18.0,68.0
2023-07-19,2023.0,7.0,July,19.0,16.0
2023-07-20,2023.0,7.0,July,20.0,54.0
2023-07-21,2023.0,7.0,July,21.0,21.0
2023-07-22,2023.0,7.0,July,22.0,13.0
2023-07-23,2023.0,7.0,July,23.0,56.0
2023-07-24,2023.0,7.0,July,24.0,71.0
2023-07-25,2023.0,7.0,July,25.0,6.0
2023-07-26,2023.0,7.0,July,26.0,28.0
2023-07-27,2023.0,7.0,July,27.0,98.0
2023-07-28,2023.0,7.0,July,28.0,58.0
2023-07-29,2023.0,7.0,July,29.0,55.0
2023-07-30,2023.0,7.0,July,30.0,49.0
2023-07-31,2023.0,7.0,July,31.0,35.0
2023-08-02,2023.0,8.0,August,2.0,22.0
2023-08-03,2023.0,8.0,August,3.0,10.0
2023-08-04,2023.0,8.0,August,4.0,94.0
2023-08-05,2023.0,8.0,August,5.0,82.0
2023-08-06,2023.0,8.0,August,6.0,28.0
2023-08-07,2023.0,8.0,August,7.0,87.0
2023-08-08,2023.0,8.0,August,8.0,36.0
2023-08-09,2023.0,8.0,August,9.0,2.0
2023-08-10,2023.0,8.0,August,10.0,35.0
2023-08-11,2023.0,8.0,August,11.0,81.0
2023-08-12,2023.0,8.0,August,12.0,62.0
2023-08-13,2023.0,8.0,August,13.0,69.0
2023-08-14,2023.0,8.0,August,14.0,5.0
2023-08-15,2023.0,8.0,August,15.0,90.0
2023-08-16,2023.0,8.0,August,16.0,36.0
2023-08-17,2023.0,8.0,August,17.0,84.0
2023-08-18,2023.0,8.0,August,18.0,62.0
2023-08-19,2023.0,8.0,August,19.0,34.0
2023-08-20,2023.0,8.0,August,20.0,48.0
2023-08-21,2023.0,8.0,August,21.0,36.0
2023-08-22,2023.0,8.0,August,22.0,69.0
2023-08-23,2023.0,8.0,August,23.0,18.0
2023-08-24,2023.0,8.0,August,24.0,45.0
2023-08-25,2023.0,8.0,August,25.0,7.0
2023-08-26,2023.0,8.0,August,26.0,87.0
2023-08-27,2023.0,8.0,August,27.0,8.0
2023-08-28,2023.0,8.0,August,28.0,69.0
2023-08-29,2023.0,8.0,August,29.0,25.0
2023-08-30,2023.0,8.0,August,30.0,67.0
2023-08-31,2023.0,8.0,August,31.0,83.0
2023-09-02,2023.0,9.0,September,2.0,66.0
2023-09-03,2023.0,9.0,September,3.0,83.0
2023-09-04,2023.0,9.0,September,4.0,43.0
2023-09-05,2023.0,9.0,September,5.0,2.0
2023-09-06,2023.0,9.0,September,6.0,47.0
2023-09-07,2023.0,9.0,September,7.0,22.0
2023-09-08,2023.0,9.0,September,8.0,35.0
2023-09-09,2023.0,9.0,September,9.0,66.0
2023-09-10,2023.0,9.0,September,10.0,22.0
2023-09-11,2023.0,9.0,September,11.0,38.0
2023-09-12,2023.0,9.0,September,12.0,31.0
2023-09-13,2023.0,9.0,September,13.0,8.0
2023-09-14,2023.0,9.0,September,14.0,34.0
2023-09-15,2023.0,9.0,September,15.0,5.0
2023-09-16,2023.0,9.0,September,16.0,93.0
2023-09-17,2023.0,9.0,September,17.0,54.0
2023-09-18,2023.0,9.0,September,18.0,48.0
2023-09-19,2023.0,9.0,September,19.0,75.0
2023-09-20,2023.0,9.0,September,20.0,38.0
2023-09-21,2023.0,9.0,September,21.0,3.0
2023-09-22,2023.0,9.0,September,22.0,27.0
2023-09-23,2023.0,9.0,September,23.0,43.0
2023-09-24,2023.0,9.0,September,24.0,57.0
2023-09-25,2023.0,9.0,September,25.0,54.0
2023-09-26,2023.0,9.0,September,26.0,82.0
2023-09-27,2023.0,9.0,September,27.0,74.0
2023-09-28,2023.0,9.0,September,28.0,31.0
2023-09-29,2023.0,9.0,September,29.0,18.0
2023-09-30,2023.0,9.0,September,30.0,47.0
2023-10-02,2023.0,10.0,October,2.0,46.0
2023-10-03,2023.0,10.0,October,3.0,8.0
2023-10-04,2023.0,10.0,October,4.0,7.0
2023-10-05,2023.0,10.0,October,5.0,10.0
2023-10-06,2023.0,10.0,October,6.0,81.0
2023-10-07,2023.0,10.0,October,7.0,79.0
2023-10-08,2023.0,10.0,October,8.0,41.0
2023-10-09,2023.0,10.0,October,9.0,30.0
2023-10-10,2023.0,10.0,October,10.0,29.0
2023-10-11,2023.0,10.0,October,11.0,35.0
2023-10-12,2023.0,10.0,October,12.0,44.0
2023-10-13,2023.0,10.0,October,13.0,89.0
2023-10-14,2023.0,10.0,October,14.0,33.0
2023-10-15,2023.0,10.0,October,15.0,44.0
2023-10-16,2023.0,10.0,October,16.0,82.0
2023-10-17,2023.0,10.0,October,17.0,52.0
2023-10-18,2023.0,10.0,October,18.0,66.0
2023-10-19,2023.0,10.0,October,19.0,95.0
2023-10-20,2023.0,10.0,October,20.0,33.0
2023-10-21,2023.0,10.0,October,21.0,81.0
2023-10-22,2023.0,10.0,October,22.0,60.0
2023-10-23,2023.0,10.0,October,23.0,98.0
2023-10-24,2023.0,10.0,October,24.0,59.0
2023-10-25,2023.0,10.0,October,25.0,69.0
2023-10-26,2023.0,10.0,October,26.0,12.0
2023-10-27,2023.0,10.0,October,27.0,3.0
2023-10-28,2023.0,10.0,October,28.0,86.0
2023-10-29,2023.0,10.0,October,29.0,18.0
2023-10-30,2023.0,10.0,October,30.0,64.0
2023-10-31,2023.0,10.0,October,31.0,78.0
2023-11-02,2023.0,11.0,November,2.0,85.0
2023-11-03,2023.0,11.0,November,3.0,56.0
2023-11-04,2023.0,11.0,November,4.0,96.0
2023-11-05,2023.0,11.0,November,5.0,10.0
2023-11-06,2023.0,11.0,November,6.0,79.0
2023-11-07,2023.0,11.0,November,7.0,54.0
2023-11-08,2023.0,11.0,November,8.0,15.0
2023-11-09,2023.0,11.0,November,9.0,39.0
2023-11-10,2023.0,11.0,November,10.0,57.0
2023-11-11,2023.0,11.0,November,11.0,3.0
2023-11-12,2023.0,11.0,November,12.0,83.0
2023-11-13,2023.0,11.0,November,13.0,96.0
2023-11-14,2023.0,11.0,November,14.0,66.0
2023-11-15,2023.0,11.0,November,15.0,29.0
2023-11-16,2023.0,11.0,November,16.0,91.0
2023-11-17,2023.0,11.0,November,17.0,83.0
2023-11-18,2023.0,11.0,November,18.0,51.0
2023-11-19,2023.0,11.0,November,19.0,95.0
2023-11-20,2023.0,11.0,November,20.0,45.0
2023-11-21,2023.0,11.0,November,21.0,93.0
2023-11-22,2023.0,11.0,November,22.0,6.0
2023-11-23,2023.0,11.0,November,23.0,93.0
2023-11-24,2023.0,11.0,November,24.0,50.0
2023-11-25,2023.0,11.0,November,25.0,65.0
2023-11-26,2023.0,11.0,November,26.0,1.0
2023-11-27,2023.0,11.0,November,27.0,5.0
2023-11-28,2023.0,11.0,November,28.0,30.0
2023-11-29,2023.0,11.0,November,29.0,57.0
2023-11-30,2023.0,11.0,November,30.0,70.0
2023-12-02,2023.0,12.0,December,2.0,45.0
2023-12-03,2023.0,12.0,December,3.0,30.0
2023-12-04,2023.0,12.0,December,4.0,16.0
2023-12-05,2023.0,12.0,December,5.0,84.0
2023-12-06,2023.0,12.0,December,6.0,17.0
2023-12-07,2023.0,12.0,December,7.0,32.0
2023-12-08,2023.0,12.0,December,8.0,11.0
2023-12-09,2023.0,12.0,December,9.0,31.0
2023-12-10,2023.0,12.0,December,10.0,34.0
2023-12-11,2023.0,12.0,December,11.0,31.0
2023-12-12,2023.0,12.0,December,12.0,46.0
2023-12-13,2023.0,12.0,December,13.0,21.0
2023-12-14,2023.0,12.0,December,14.0,47.0
2023-12-15,2023.0,12.0,December,15.0,17.0
2023-12-16,2023.0,12.0,December,16.0,26.0
2023-12-17,2023.0,12.0,December,17.0,91.0
2023-12-18,2023.0,12.0,December,18.0,42.0
2023-12-19,2023.0,12.0,December,19.0,4.0
2023-12-20,2023.0,12.0,December,20.0,36.0
2023-12-21,2023.0,12.0,December,21.0,19.0
2023-12-22,2023.0,12.0,December,22.0,73.0
2023-12-23,2023.0,12.0,December,23.0,87.0
2023-12-24,2023.0,12.0,December,24.0,85.0
2023-12-25,2023.0,12.0,December,25.0,42.0
2023-12-26,2023.0,12.0,December,26.0,56.0
2023-12-27,2023.0,12.0,December,27.0,59.0
2023-12-28,2023.0,12.0,December,28.0,44.0
2023-12-29,2023.0,12.0,December,29.0,21.0
2023-12-30,2023.0,12.0,December,30.0,72.0
2023-12-31,2023.0,12.0,December,31.0,29.0
2024-01-02,2024.0,1.0,January,2.0,32.0
2024-01-03,2024.0,1.0,January,3.0,3.0
2024-01-04,2024.0,1.0,January,4.0,29.0
2024-01-05,2024.0,1.0,January,5.0,53.0
2024-01-06,2024.0,1.0,January,6.0,29.0
2024-01-07,2024.0,1.0,January,7.0,73.0
2024-01-08,2024.0,1.0,January,8.0,70.0
2024-01-09,2024.0,1.0,January,9.0,53.0
2024-01-10,2024.0,1.0,January,10.0,15.0
2024-01-11,2024.0,1.0,January,11.0,16.0
2024-01-12,2024.0,1.0,January,12.0,45.0
2024-01-13,2024.0,1.0,January,13.0,10.0
2024-01-14,2024.0,1.0,January,14.0,27.0
2024-01-15,2024.0,1.0,January,15.0,90.0
2024-01-16,2024.0,1.0,January,16.0,84.0
2024-01-17,2024.0,1.0,January,17.0,33.0
2024-01-18,2024.0,1.0,January,18.0,39.0
2024-01-19,2024.0,1.0,January,19.0,65.0
2024-01-20,2024.0,1.0,January,20.0,86.0
2024-01-21,2024.0,1.0,January,21.0,79.0
2024-01-22,2024.0,1.0,January,22.0,19.0
2024-01-23,2024.0,1.0,January,23.0,59.0
2024-01-24,2024.0,1.0,January,24.0,17.0
2024-01-25,2024.0,1.0,January,25.0,54.0
2024-01-26,2024.0,1.0,January,26.0,34.0
2024-01-27,2024.0,1.0,January,27.0,60.0
2024-01-28,2024.0,1.0,January,28.0,34.0
2024-01-29,2024.0,1.0,January,29.0,61.0
2024-01-30,2024.0,1.0,January,30.0,4.0
2024-02-02,2024.0,2.0,February,2.0,87.0
2024-02-03,2024.0,2.0,February,3.0,62.0
2024-02-04,2024.0,2.0,February,4.0,51.0
2024-02-05,2024.0,2.0,February,5.0,21.0
2024-02-06,2024.0,2.0,February,6.0,26.0
2024-02-07,2024.0,2.0,February,7.0,18.0
2024-02-08,2024.0,2.0,February,8.0,86.0
2024-02-09,2024.0,2.0,February,9.0,32.0
2024-02-10,2024.0,2.0,February,10.0,94.0
2024-02-11,2024.0,2.0,February,11.0,11.0
2024-02-12,2024.0,2.0,February,12.0,29.0
2024-02-13,2024.0,2.0,February,13.0,75.0
2024-02-14,2024.0,2.0,February,14.0,89.0
2024-02-15,2024.0,2.0,February,15.0,80.0
2024-02-16,2024.0,2.0,February,16.0,5.0
2024-02-17,2024.0,2.0,February,17.0,7.0
2024-02-18,2024.0,2.0,February,18.0,32.0
2024-02-19,2024.0,2.0,February,19.0,90.0
2024-02-20,2024.0,2.0,February,20.0,94.0
2024-02-21,2024.0,2.0,February,21.0,42.0
2024-02-22,2024.0,2.0,February,22.0,98.0
2024-02-23,2024.0,2.0,February,23.0,60.0
2024-02-24,2024.0,2.0,February,24.0,72.0
2024-02-25,2024.0,2.0,February,25.0,74.0
2024-02-26,2024.0,2.0,February,26.0,9.0
2024-02-27,2024.0,2.0,February,27.0,95.0
2024-02-28,2024.0,2.0,February,28.0,6.0
2024-03-02,2024.0,3.0,March,2.0,21.0
2024-03-03,2024.0,3.0,March,3.0,85.0
2024-03-04,2024.0,3.0,March,4.0,17.0
2024-03-05,2024.0,3.0,March,5.0,78.0
2024-03-06,2024.0,3.0,March,6.0,83.0
2024-03-07,2024.0,3.0,March,7.0,2.0
2024-03-08,2024.0,3.0,March,8.0,90.0
2024-03-09,2024.0,3.0,March,9.0,68.0
2024-03-10,2024.0,3.0,March,10.0,20.0
2024-03-11,2024.0,3.0,March,11.0,17.0
2024-03-12,2024.0,3.0,March,12.0,4.0
2024-03-13,2024.0,3.0,March,13.0,57.0
2024-03-14,2024.0,3.0,March,14.0,39.0
2024-03-15,2024.0,3.0,March,15.0,37.0
2024-03-16,2024.0,3.0,March,16.0,99.0
2024-03-17,2024.0,3.0,March,17.0,57.0
2024-03-18,2024.0,3.0,March,18.0,22.0
2024-03-19,2024.0,3.0,March,19.0,95.0
2024-03-20,2024.0,3.0,March,20.0,83.0
2024-03-21,2024.0,3.0,March,21.0,83.0
2024-03-22,2024.0,3.0,March,22.0,75.0
2024-03-23,2024.0,3.0,March,23.0,36.0
2024-03-24,2024.0,3.0,March,24.0,63.0
2024-03-25,2024.0,3.0,March,25.0,29.0
2024-03-26,2024.0,3.0,March,26.0,1.0
2024-03-27,2024.0,3.0,March,27.0,19.0
2024-03-28,2024.0,3.0,March,28.0,66.0
2024-03-29,2024.0,3.0,March,29.0,65.0
2024-03-30,2024.0,3.0,March,30.0,31.0
2024-03-31,2024.0,3.0,March,31.0,73.0
2024-04-02,2024.0,4.0,April,2.0,79.0
2024-04-03,2024.0,4.0,April,3.0,90.0
2024-04-04,2024.0,4.0,April,4.0,99.0
2024-04-05,2024.0,4.0,April,5.0,65.0
2024-04-06,2024.0,4.0,April,6.0,14.0
2024-04-07,2024.0,4.0,April,7.0,60.0
2024-04-08,2024.0,4.0,April,8.0,79.0
2024-04-09,2024.0,4.0,April,9.0,31.0
2024-04-10,2024.0,4.0,April,10.0,72.0
2024-04-11,2024.0,4.0,April,11.0,60.0
2024-04-12,2024.0,4.0,April,12.0,76.0
2024-04-13,2024.0,4.0,April,13.0,73.0
2024-04-14,2024.0,4.0,April,14.0,50.0
2024-04-15,2024.0,4.0,April,15.0,26.0
2024-04-16,2024.0,4.0,April,16.0,42.0
2024-04-17,2024.0,4.0,April,17.0,93.0
2024-04-18,2024.0,4.0,April,18.0,39.0
2024-04-19,2024.0,4.0,April,19.0,45.0
2024-04-20,2024.0,4.0,April,20.0,57.0
2024-04-21,2024.0,4.0,April,21.0,54.0
2024-04-22,2024.0,4.0,April,22.0,99.0
2024-04-23,2024.0,4.0,April,23.0,5.0
2024-04-24,2024.0,4.0,April,24.0,73.0
2024-04-25,2024.0,4.0,April,25.0,22.0
2024-04-26,2024.0,4.0,April,26.0,31.0
2024-04-27,2024.0,4.0,April,27.0,38.0
2024-04-28,2024.0,4.0,April,28.0,41.0
2024-04-29,2024.0,4.0,April,29.0,99.0
2024-04-30,2024.0,4.0,April,30.0,39.0
2024-05-02,2024.0,5.0,May,2.0,95.0
2024-05-03,2024.0,5.0,May,3.0,76.0
2024-05-04,2024.0,5.0,May,4.0,92.0
2024-05-05,2024.0,5.0,May,5.0,76.0
2024-05-06,2024.0,5.0,May,6.0,20.0
2024-05-07,2024.0,5.0,May,7.0,82.0
2024-05-08,2024.0,5.0,May,8.0,32.0
2024-05-09,2024.0,5.0,May,9.0,7.0
2024-05-10,2024.0,5.0,May,10.0,84.0
2024-05-11,2024.0,5.0,May,11.0,93.0
2024-05-12,2024.0,5.0,May,12.0,48.0
2024-05-13,2024.0,5.0,May,13.0,48.0
2024-05-14,2024.0,5.0,May,14.0,78.0
2024-05-15,2024.0,5.0,May,15.0,45.0
2024-05-16,2024.0,5.0,May,16.0,76.0
2024-05-17,2024.0,5.0,May,17.0,32.0
2024-05-18,2024.0,5.0,May,18.0,37.0
2024-05-19,2024.0,5.0,May,19.0,62.0
2024-05-20,2024.0,5.0,May,20.0,1.0
2024-05-21,2024.0,5.0,May,21.0,18.0
2024-05-22,2024.0,5.0,May,22.0,38.0
2024-05-23,2024.0,5.0,May,23.0,96.0
2024-05-24,2024.0,5.0,May,24.0,6.0
2024-05-25,2024.0,5.0,May,25.0,81.0
2024-05-26,2024.0,5.0,May,26.0,64.0
2024-05-27,2024.0,5.0,May,27.0,86.0
2024-05-28,2024.0,5.0,May,28.0,15.0
2024-05-29,2024.0,5.0,May,29.0,42.0
2024-05-30,2024.0,5.0,May,30.0,15.0
2024-05-31,2024.0,5.0,May,31.0,8.0
2024-06-02,2024.0,6.0,June,2.0,68.0
2024-06-03,2024.0,6.0,June,3.0,39.0
2024-06-04,2024.0,6.0,June,4.0,69.0
2024-06-05,2024.0,6.0,June,5.0,18.0
2024-06-06,2024.0,6.0,June,6.0,32.0
2024-06-07,2024.0,6.0,June,7.0,30.0
2024-06-08,2024.0,6.0,June,8.0,25.0
2024-06-09,2024.0,6.0,June,9.0,19.0
2024-06-10,2024.0,6.0,June,10.0,34.0
2024-06-11,2024.0,6.0,June,11.0,80.0
2024-06-12,2024.0,6.0,June,12.0,71.0
2024-06-13,2024.0,6.0,June,13.0,51.0
2024-06-14,2024.0,6.0,June,14.0,82.0
2024-06-15,2024.0,6.0,June,15.0,8.0
2024-06-16,2024.0,6.0,June,16.0,37.0
2024-06-17,2024.0,6.0,June,17.0,84.0
2024-06-18,2024.0,6.0,June,18.0,82.0
2024-06-19,2024.0,6.0,June,19.0,34.0
2024-06-20,2024.0,6.0,June,20.0,84.0
2024-06-21,2024.0,6.0,June,21.0,11.0
2024-06-22,2024.0,6.0,June,22.0,8.0
2024-06-23,2024.0,6.0,June,23.0,72.0
2024-06-24,2024.0,6.0,June,24.0,27.0
2024-06-25,2024.0,6.0,June,25.0,62.0
2024-06-26,2024.0,6.0,June,26.0,3.0
2024-06-27,2024.0,6.0,June,27.0,40.0
2024-06-28,2024.0,6.0,June,28.0,85.0
2024-06-29,2024.0,6.0,June,29.0,69.0
2024-06-30,2024.0,6.0,June,30.0,0.0
2024-07-02,2024.0,7.0,July,2.0,90.0
2024-07-03,2024.0,7.0,July,3.0,34.0
2024-07-04,2024.0,7.0,July,4.0,59.0
2024-07-05,2024.0,7.0,July,5.0,21.0
2024-07-06,2024.0,7.0,July,6.0,90.0
2024-07-07,2024.0,7.0,July,7.0,2.0
2024-07-08,2024.0,7.0,July,8.0,80.0
2024-07-09,2024.0,7.0,July,9.0,1.0
2024-07-10,2024.0,7.0,July,10.0,93.0
2024-07-11,2024.0,7.0,July,11.0,43.0
2024-07-12,2024.0,7.0,July,12.0,64.0
2024-07-13,2024.0,7.0,July,13.0,14.0
2024-07-14,2024.0,7.0,July,14.0,68.0
2024-07-15,2024.0,7.0,July,15.0,93.0
2024-07-16,2024.0,7.0,July,16.0,52.0
2024-07-17,2024.0,7.0,July,17.0,44.0
2024-07-18,2024.0,7.0,July,18.0,32.0
2024-07-19,2024.0,7.0,July,19.0,17.0
2024-07-20,2024.0,7.0,July,20.0,1.0
2024-07-21,2024.0,7.0,July,21.0,36.0
2024-07-22,2024.0,7.0,July,22.0,30.0
2024-07-23,2024.0,7.0,July,23.0,40.0
2024-07-24,2024.0,7.0,July,24.0,19.0
2024-07-25,2024.0,7.0,July,25.0,54.0
2024-07-26,2024.0,7.0,July,26.0,88.0
2024-07-27,2024.0,7.0,July,27.0,97.0
2024-07-28,2024.0,7.0,July,28.0,51.0
2024-07-29,2024.0,7.0,July,29.0,90.0
2024-07-30,2024.0,7.0,July,30.0,53.0
2024-07-31,2024.0,7.0,July,31.0,7.0
2024-08-02,2024.0,8.0,August,2.0,69.0
2024-08-03,2024.0,8.0,August,3.0,43.0
2024-08-04,2024.0,8.0,August,4.0,15.0
2024-08-05,2024.0,8.0,August,5.0,46.0
2024-08-06,2024.0,8.0,August,6.0,47.0
2024-08-07,2024.0,8.0,August,7.0,89.0
2024-08-08,2024.0,8.0,August,8.0,51.0
2024-08-09,2024.0,8.0,August,9.0,54.0
2024-08-10,2024.0,8.0,August,10.0,17.0
2024-08-11,2024.0,8.0,August,11.0,80.0
2024-08-12,2024.0,8.0,August,12.0,16.0
2024-08-13,2024.0,8.0,August,13.0,59.0
2024-08-14,2024.0,8.0,August,14.0,35.0
2024-08-15,2024.0,8.0,August,15.0,6.0
2024-08-16,2024.0,8.0,August,16.0,62.0
2024-08-17,2024.0,8.0,August,17.0,90.0
2024-08-18,2024.0,8.0,August,18.0,42.0
2024-08-19,2024.0,8.0,August,19.0,64.0
2024-08-20,2024.0,8.0,August,20.0,73.0
2024-08-21,2024.0,8.0,August,21.0,68.0
2024-08-22,2024.0,8.0,August,22.0,63.0
2024-08-23,2024.0,8.0,August,23.0,76.0
2024-08-24,2024.0,8.0,August,24.0,43.0
2024-08-25,2024.0,8.0,August,25.0,42.0
2024-08-26,2024.0,8.0,August,26.0,48.0
2024-08-27,2024.0,8.0,August,27.0,41.0
2024-08-28,2024.0,8.0,August,28.0,25.0
2024-08-29,2024.0,8.0,August,29.0,53.0
2024-08-30,2024.0,8.0,August,30.0,49.0
2024-08-31,2024.0,8.0,August,31.0,21.0
2024-09-02,2024.0,9.0,September,2.0,2.0
2024-09-03,2024.0,9.0,September,3.0,89.0
2024-09-04,2024.0,9.0,September,4.0,6.0
2024-09-05,2024.0,9.0,September,5.0,57.0
2024-09-06,2024.0,9.0,September,6.0,33.0
2024-09-07,2024.0,9.0,September,7.0,0.0
2024-09-08,2024.0,9.0,September,8.0,35.0
2024-09-09,2024.0,9.0,September,9.0,27.0
2024-09-10,2024.0,9.0,September,10.0,63.0
2024-09-11,2024.0,9.0,September,11.0,16.0
2024-09-12,2024.0,9.0,September,12.0,86.0
2024-09-13,2024.0,9.0,September,13.0,19.0
2024-09-14,2024.0,9.0,September,14.0,44.0
2024-09-15,2024.0,9.0,September,15.0,92.0
2024-09-16,2024.0,9.0,September,16.0,33.0
2024-09-17,2024.0,9.0,September,17.0,49.0
2024-09-18,2024.0,9.0,September,18.0,0.0
2024-09-19,2024.0,9.0,September,19.0,32.0
2024-09-20,2024.0,9.0,September,20.0,89.0
2024-09-21,2024.0,9.0,September,21.0,42.0
2024-09-22,2024.0,9.0,September,22.0,19.0
2024-09-23,2024.0,9.0,September,23.0,70.0
2024-09-24,2024.0,9.0,September,24.0,68.0
2024-09-25,2024.0,9.0,September,25.0,74.0
2024-09-26,2024.0,9.0,September,26.0,42.0
2024-09-27,2024.0,9.0,September,27.0,32.0
2024-09-28,2024.0,9.0,September,28.0,44.0
2024-09-29,2024.0,9.0,September,29.0,45.0
2024-10-02,2024.0,10.0,October,2.0,24.0
2024-10-03,2024.0,10.0,October,3.0,76.0
2024-10-04,2024.0,10.0,October,4.0,89.0
2024-10-05,2024.0,10.0,October,5.0,30.0
2024-10-06,2024.0,10.0,October,6.0,75.0
2024-10-07,2024.0,10.0,October,7.0,47.0
2024-10-08,2024.0,10.0,October,8.0,65.0
2024-10-09,2024.0,10.0,October,9.0,30.0
2024-10-10,2024.0,10.0,October,10.0,80.0
2024-10-11,2024.0,10.0,October,11.0,43.0
2024-10-12,2024.0,10.0,October,12.0,6.0
2024-10-13,2024.0,10.0,October,13.0,50.0
2024-10-14,2024.0,10.0,October,14.0,81.0
2024-10-15,2024.0,10.0,October,15.0,60.0
2024-10-16,2024.0,10.0,October,16.0,36.0
2024-10-17,2024.0,10.0,October,17.0,8.0
2024-10-18,2024.0,10.0,October,18.0,52.0
2024-10-19,2024.0,10.0,October,19.0,38.0
2024-10-20,2024.0,10.0,October,20.0,79.0
2024-10-21,2024.0,10.0,October,21.0,83.0
2024-10-22,2024.0,10.0,October,22.0,52.0
2024-10-23,2024.0,10.0,October,23.0,83.0
2024-10-24,2024.0,10.0,October,24.0,63.0
2024-10-25,2024.0,10.0,October,25.0,89.0
2024-10-26,2024.0,10.0,October,26.0,0.0
2024-10-27,2024.0,10.0,October,27.0,92.0
2024-10-28,2024.0,10.0,October,28.0,65.0
2024-10-29,2024.0,10.0,October,29.0,61.0
2024-10-30,2024.0,10.0,October,30.0,84.0
2024-11-02,2024.0,11.0,November,2.0,6.0
2024-11-03,2024.0,11.0,November,3.0,99.0
2024-11-04,2024.0,11.0,November,4.0,48.0
2024-11-05,2024.0,11.0,November,5.0,78.0
2024-11-06,2024.0,11.0,November,6.0,49.0
2024-11-07,2024.0,11.0,November,7.0,59.0
2024-11-08,2024.0,11.0,November,8.0,85.0
2024-11-09,2024.0,11.0,November,9.0,25.0
2024-11-10,2024.0,11.0,November,10.0,65.0
2024-11-11,2024.0,11.0,November,11.0,12.0
2024-11-12,2024.0,11.0,November,12.0,57.0
2024-11-13,2024.0,11.0,November,13.0,41.0
2024-11-14,2024.0,11.0,November,14.0,61.0
2024-11-15,2024.0,11.0,November,15.0,41.0
2024-11-16,2024.0,11.0,November,16.0,53.0
2024-11-17,2024.0,11.0,November,17.0,87.0
2024-11-18,2024.0,11.0,November,18.0,7.0
2024-11-19,2024.0,11.0,November,19.0,25.0
2024-11-20,2024.0,11.0,November,20.0,66.0
2024-11-21,2024.0,11.0,November,21.0,92.0
2024-11-22,2024.0,11.0,November,22.0,9.0
2024-11-23,2024.0,11.0,November,23.0,75.0
2024-11-24,2024.0,11.0,November,24.0,61.0
2024-11-25,2024.0,11.0,November,25.0,35.0
2024-11-26,2024.0,11.0,November,26.0,76.0
2024-11-27,2024.0,11.0,November,27.0,28.0
2024-11-28,2024.0,11.0,November,28.0,49.0
2024-11-29,2024.0,11.0,November,29.0,88.0
2024-11-30,2024.0,11.0,November,30.0,42.0
2024-12-02,2024.0,12.0,December,2.0,21.0
2024-12-03,2024.0,12.0,December,3.0,15.0
2024-12-04,2024.0,12.0,December,4.0,14.0
2024-12-05,2024.0,12.0,December,5.0,58.0
2024-12-06,2024.0,12.0,December,6.0,44.0
2024-12-07,2024.0,12.0,December,7.0,17.0
2024-12-08,2024.0,12.0,December,8.0,38.0
2024-12-09,2024.0,12.0,December,9.0,37.0
2024-12-10,2024.0,12.0,December,10.0,94.0
2024-12-11,2024.0,12.0,December,11.0,29.0
2024-12-12,2024.0,12.0,December,12.0,98.0
2024-12-13,2024.0,12.0,December,13.0,46.0
2024-12-14,2024.0,12.0,December,14.0,33.0
2024-12-15,2024.0,12.0,December,15.0,83.0
2024-12-16,2024.0,12.0,December,16.0,76.0
2024-12-17,2024.0,12.0,December,17.0,47.0
2024-12-18,2024.0,12.0,December,18.0,13.0
2024-12-19,2024.0,12.0,December,19.0,74.0
2024-12-20,2024.0,12.0,December,20.0,85.0
2024-12-21,2024.0,12.0,December,21.0,57.0
2024-12-22,2024.0,12.0,December,22.0,37.0
2024-12-23,2024.0,12.0,December,23.0,19.0
2024-12-24,2024.0,12.0,December,24.0,61.0
2024-12-25,2024.0,12.0,December,25.0,9.0
2024-12-26,2024.0,12.0,December,26.0,84.0
2024-12-27,2024.0,12.0,December,27.0,70.0
2024-12-28,2024.0,12.0,December,28.0,18.0
2024-12-29,2024.0,12.0,December,29.0,59.0
2024-12-30,2024.0,12.0,December,30.0,87.0
2024-12-31,2024.0,12.0,December,31.0,46.0
2025-01-02,2025.0,1.0,January,2.0,0.0
2025-01-03,2025.0,1.0,January,3.0,4.0
2025-01-04,2025.0,1.0,January,4.0,54.0
2025-01-05,2025.0,1.0,January,5.0,76.0
2025-01-06,2025.0,1.0,January,6.0,0.0
2025-01-07,2025.0,1.0,January,7.0,83.0
2025-01-08,2025.0,1.0,January,8.0,99.0
2025-01-09,2025.0,1.0,January,9.0,73.0
2025-01-10,2025.0,1.0,January,10.0,18.0
2025-01-11,2025.0,1.0,January,11.0,84.0
2025-01-12,2025.0,1.0,January,12.0,63.0
2025-01-13,2025.0,1.0,January,13.0,40.0
2025-01-14,2025.0,1.0,January,14.0,80.0
2025-01-15,2025.0,1.0,January,15.0,3.0
2025-01-16,2025.0,1.0,January,16.0,69.0
2025-01-17,2025.0,1.0,January,17.0,80.0
2025-01-18,2025.0,1.0,January,18.0,96.0
2025-01-19,2025.0,1.0,January,19.0,61.0
2025-01-20,2025.0,1.0,January,20.0,43.0
2025-01-21,2025.0,1.0,January,21.0,61.0
2025-01-22,2025.0,1.0,January,22.0,21.0
2025-01-23,2025.0,1.0,January,23.0,60.0
2025-01-24,2025.0,1.0,January,24.0,48.0
2025-01-25,2025.0,1.0,January,25.0,70.0
2025-01-26,2025.0,1.0,January,26.0,83.0
2025-01-27,2025.0,1.0,January,27.0,97.0
2025-01-28,2025.0,1.0,January,28.0,74.0
2025-01-29,2025.0,1.0,January,29.0,34.0
2025-01-30,2025.0,1.0,January,30.0,91.0
2025-01-31,2025.0,1.0,January,31.0,85.0
2025-02-02,2025.0,2.0,February,2.0,13.0
2025-02-03,2025.0,2.0,February,3.0,90.0
2025-02-04,2025.0,2.0,February,4.0,79.0
2025-02-05,2025.0,2.0,February,5.0,50.0
2025-02-06,2025.0,2.0,February,6.0,86.0
2025-02-07,2025.0,2.0,February,7.0,68.0
2025-02-08,2025.0,2.0,February,8.0,54.0
2025-02-09,2025.0,2.0,February,9.0,3.0
2025-02-10,2025.0,2.0,February,10.0,40.0
2025-02-11,2025.0,2.0,February,11.0,37.0
2025-02-12,2025.0,2.0,February,12.0,96.0
2025-02-13,2025.0,2.0,February,13.0,21.0
2025-02-14,2025.0,2.0,February,14.0,95.0
2025-02-15,2025.0,2.0,February,15.0,74.0
2025-02-16,2025.0,2.0,February,16.0,20.0
2025-02-17,2025.0,2.0,February,17.0,4.0
2025-02-18,2025.0,2.0,February,18.0,94.0
2025-02-19,2025.0,2.0,February,19.0,46.0
2025-02-20,2025.0,2.0,February,20.0,53.0
2025-02-21,2025.0,2.0,February,21.0,59.0
2025-02-22,2025.0,2.0,February,22.0,36.0
2025-02-23,2025.0,2.0,February,23.0,96.0
2025-02-24,2025.0,2.0,February,24.0,58.0
2025-02-25,2025.0,2.0,February,25.0,91.0
2025-02-26,2025.0,2.0,February,26.0,0.0
2025-02-27,2025.0,2.0,February,27.0,94.0
2025-02-28,2025.0,2.0,February,28.0,11.0
2025-03-02,2025.0,3.0,March,2.0,43.0
2025-03-03,2025.0,3.0,March,3.0,50.0
2025-03-04,2025.0,3.0,March,4.0,88.0
2025-03-05,2025.0,3.0,March,5.0,43.0
2025-03-06,2025.0,3.0,March,6.0,47.0
2025-03-07,2025.0,3.0,March,7.0,58.0
2025-03-08,2025.0,3.0,March,8.0,99.0
2025-03-09,2025.0,3.0,March,9.0,17.0
2025-03-10,2025.0,3.0,March,10.0,94.0
2025-03-11,2025.0,3.0,March,11.0,79.0
2025-03-12,2025.0,3.0,March,12.0,55.0
2025-03-13,2025.0,3.0,March,13.0,71.0
2025-03-14,2025.0,3.0,March,14.0,47.0
2025-03-15,2025.0,3.0,March,15.0,31.0
2025-03-16,2025.0,3.0,March,16.0,25.0
2025-03-17,2025.0,3.0,March,17.0,0.0
2025-03-18,2025.0,3.0,March,18.0,99.0
2025-03-19,2025.0,3.0,March,19.0,25.0
2025-03-20,2025.0,3.0,March,20.0,96.0
2025-03-21,2025.0,3.0,March,21.0,99.0
2025-03-22,2025.0,3.0,March,22.0,26.0
2025-03-23,2025.0,3.0,March,23.0,90.0
2025-03-24,2025.0,3.0,March,24.0,16.0
2025-03-25,2025.0,3.0,March,25.0,34.0
2025-03-26,2025.0,3.0,March,26.0,56.0
2025-03-27,2025.0,3.0,March,27.0,39.0
2025-03-28,2025.0,3.0,March,28.0,94.0
2025-03-29,2025.0,3.0,March,29.0,89.0
2025-03-30,2025.0,3.0,March,30.0,64.0
2025-03-31,2025.0,3.0,March,31.0,18.0
2025-04-02,2025.0,4.0,April,2.0,9.0
2025-04-03,2025.0,4.0,April,3.0,71.0
2025-04-04,2025.0,4.0,April,4.0,87.0
2025-04-05,2025.0,4.0,April,5.0,2.0
2025-04-06,2025.0,4.0,April,6.0,24.0
2025-04-07,2025.0,4.0,April,7.0,59.0
2025-04-08,2025.0,4.0,April,8.0,70.0
2025-04-09,2025.0,4.0,April,9.0,67.0
2025-04-10,2025.0,4.0,April,10.0,70.0
2025-04-11,2025.0,4.0,April,11.0,98.0
2025-04-12,2025.0,4.0,April,12.0,6.0
2025-04-13,2025.0,4.0,April,13.0,67.0
2025-04-14,2025.0,4.0,April,14.0,57.0
2025-04-15,2025.0,4.0,April,15.0,71.0
2025-04-16,2025.0,4.0,April,16.0,53.0
2025-04-17,2025.0,4.0,April,17.0,51.0
2025-04-18,2025.0,4.0,April,18.0,78.0
2025-04-19,2025.0,4.0,April,19.0,74.0
2025-04-20,2025.0,4.0,April,20.0,8.0
2025-04-21,2025.0,4.0,April,21.0,45.0
2025-04-22,2025.0,4.0,April,22.0,26.0
2025-04-23,2025.0,4.0,April,23.0,33.0
2025-04-24,2025.0,4.0,April,24.0,98.0
2025-04-25,2025.0,4.0,April,25.0,91.0
2025-04-26,2025.0,4.0,April,26.0,54.0
2025-04-27,2025.0,4.0,April,27.0,26.0
2025-04-28,2025.0,4.0,April,28.0,58.0
2025-04-29,2025.0,4.0,April,29.0,36.0
2025-04-30,2025.0,4.0,April,30.0,76.0
2025-05-02,2025.0,5.0,May,2.0,45.0
2025-05-03,2025.0,5.0,May,3.0,1.0
2025-05-04,2025.0,5.0,May,4.0,61.0
2025-05-05,2025.0,5.0,May,5.0,7.0
2025-05-06,2025.0,5.0,May,6.0,18.0
2025-05-07,2025.0,5.0,May,7.0,45.0
2025-05-08,2025.0,5.0,May,8.0,34.0
2025-05-09,2025.0,5.0,May,9.0,94.0
2025-05-10,2025.0,5.0,May,10.0,79.0
2025-05-11,2025.0,5.0,May,11.0,11.0
2025-05-12,2025.0,5.0,May,12.0,41.0
2025-05-13,2025.0,5.0,May,13.0,93.0
2025-05-14,2025.0,5.0,May,14.0,88.0
2025-05-15,2025.0,5.0,May,15.0,29.0
2025-05-16,2025.0,5.0,May,16.0,33.0
2025-05-17,2025.0,5.0,May,17.0,15.0
2025-05-18,2025.0,5.0,May,18.0,59.0
2025-05-19,2025.0,5.0,May,19.0,29.0
2025-05-20,2025.0,5.0,May,20.0,21.0
2025-05-21,2025.0,5.0,May,21.0,93.0
2025-05-22,2025.0,5.0,May,22.0,20.0
2025-05-23,2025.0,5.0,May,23.0,75.0
2025-05-24,2025.0,5.0,May,24.0,16.0
2025-05-25,2025.0,5.0,May,25.0,47.0
2025-05-26,2025.0,5.0,May,26.0,22.0
2025-05-27,2025.0,5.0,May,27.0,63.0
2025-05-28,2025.0,5.0,May,28.0,70.0
2025-05-29,2025.0,5.0,May,29.0,51.0
2025-05-30,2025.0,5.0,May,30.0,46.0
2025-05-31,2025.0,5.0,May,31.0,66.0
2025-06-02,2025.0,6.0,June,2.0,28.0
2025-06-03,2025.0,6.0,June,3.0,79.0
2025-06-04,2025.0,6.0,June,4.0,9.0
2025-06-05,2025.0,6.0,June,5.0,53.0
2025-06-06,2025.0,6.0,June,6.0,48.0
2025-06-07,2025.0,6.0,June,7.0,19.0
2025-06-08,2025.0,6.0,June,8.0,93.0
2025-06-09,2025.0,6.0,June,9.0,24.0
2025-06-10,2025.0,6.0,June,10.0,9.0
2025-06-11,2025.0,6.0,June,11.0,14.0
2025-06-12,2025.0,6.0,June,12.0,48.0
2025-06-13,2025.0,6.0,June,13.0,46.0
2025-06-14,2025.0,6.0,June,14.0,9.0
2025-06-15,2025.0,6.0,June,15.0,2.0
2025-06-16,2025.0,6.0,June,16.0,33.0
2025-06-17,2025.0,6.0,June,17.0,26.0
2025-06-18,2025.0,6.0,June,18.0,25.0
2025-06-19,2025.0,6.0,June,19.0,30.0
2025-06-20,2025.0,6.0,June,20.0,2.0
2025-06-21,2025.0,6.0,June,21.0,30.0
2025-06-22,2025.0,6.0,June,22.0,68.0
2025-06-23,2025.0,6.0,June,23.0,40.0
2025-06-24,2025.0,6.0,June,24.0,37.0
2025-06-25,2025.0,6.0,June,25.0,88.0
2025-06-26,2025.0,6.0,June,26.0,87.0
2025-06-27,2025.0,6.0,June,27.0,42.0
2025-06-28,2025.0,6.0,June,28.0,41.0
2025-06-29,2025.0,6.0,June,29.0,5.0
2025-06-30,2025.0,6.0,June,30.0,52.0
2025-07-02,2025.0,7.0,July,2.0,42.0
2025-07-03,2025.0,7.0,July,3.0,73.0
2025-07-04,2025.0,7.0,July,4.0,36.0
2025-07-05,2025.0,7.0,July,5.0,88.0
2025-07-06,2025.0,7.0,July,6.0,65.0
2025-07-07,2025.0,7.0,July,7.0,15.0
2025-07-08,2025.0,7.0,July,8.0,4.0
2025-07-09,2025.0,7.0,July,9.0,85.0
2025-07-10,2025.0,7.0,July,10.0,38.0
2025-07-11,2025.0,7.0,July,11.0,51.0
2025-07-12,2025.0,7.0,July,12.0,91.0
2025-07-13,2025.0,7.0,July,13.0,8.0
2025-07-14,2025.0,7.0,July,14.0,29.0
2025-07-15,2025.0,7.0,July,15.0,24.0
2025-07-16,2025.0,7.0,July,16.0,98.0
2025-07-17,2025.0,7.0,July,17.0,55.0
2025-07-18,2025.0,7.0,July,18.0,38.0
2025-07-19,2025.0,7.0,July,19.0,67.0
2025-07-20,2025.0,7.0,July,20.0,25.0
2025-07-21,2025.0,7.0,July,21.0,84.0
2025-07-22,2025.0,7.0,July,22.0,63.0
2025-07-23,2025.0,7.0,July,23.0,25.0
2025-07-24,2025.0,7.0,July,24.0,55.0
2025-07-25,2025.0,7.0,July,25.0,18.0
2025-07-26,2025.0,7.0,July,26.0,14.0
2025-07-27,2025.0,7.0,July,27.0,21.0
2025-07-28,2025.0,7.0,July,28.0,67.0
2025-07-29,2025.0,7.0,July,29.0,96.0
2025-07-30,2025.0,7.0,July,30.0,71.0
2025-07-31,2025.0,7.0,July,31.0,96.0
2025-08-02,2025.0,8.0,August,2.0,68.0
2025-08-03,2025.0,8.0,August,3.0,56.0
2025-08-04,2025.0,8.0,August,4.0,92.0
2025-08-05,2025.0,8.0,August,5.0,56.0
2025-08-06,2025.0,8.0,August,6.0,85.0
2025-08-07,2025.0,8.0,August,7.0,21.0
2025-08-08,2025.0,8.0,August,8.0,89.0
2025-08-09,2025.0,8.0,August,9.0,61.0
2025-08-10,2025.0,8.0,August,10.0,31.0
2025-08-11,2025.0,8.0,August,11.0,57.0
2025-08-12,2025.0,8.0,August,12.0,87.0
2025-08-13,2025.0,8.0,August,13.0,1.0
2025-08-14,2025.0,8.0,August,14.0,27.0
2025-08-15,2025.0,8.0,August,15.0,75.0
2025-08-16,2025.0,8.0,August,16.0,80.0
2025-08-17,2025.0,8.0,August,17.0,18.0
2025-08-18,2025.0,8.0,August,18.0,3.0
2025-08-19,2025.0,8.0,August,19.0,38.0
2025-08-20,2025.0,8.0,August,20.0,70.0
2025-08-21,2025.0,8.0,August,21.0,81.0
2025-08-22,2025.0,8.0,August,22.0,84.0
2025-08-23,2025.0,8.0,August,23.0,15.0
2025-08-24,2025.0,8.0,August,24.0,43.0
2025-08-25,2025.0,8.0,August,25.0,34.0
2025-08-26,2025.0,8.0,August,26.0,6.0
2025-08-27,2025.0,8.0,August,27.0,80.0
2025-08-28,2025.0,8.0,August,28.0,78.0
2025-08-29,2025.0,8.0,August,29.0,51.0
2025-08-30,2025.0,8.0,August,30.0,32.0
2025-08-31,2025.0,8.0,August,31.0,89.0
2025-09-02,2025.0,9.0,September,2.0,66.0
2025-09-03,2025.0,9.0,September,3.0,70.0
2025-09-04,2025.0,9.0,September,4.0,73.0
2025-09-05,2025.0,9.0,September,5.0,72.0
2025-09-06,2025.0,9.0,September,6.0,4.0
2025-09-07,2025.0,9.0,September,7.0,96.0
2025-09-08,2025.0,9.0,September,8.0,64.0
2025-09-09,2025.0,9.0,September,9.0,3.0
2025-09-10,2025.0,9.0,September,10.0,48.0
2025-09-11,2025.0,9.0,September,11.0,36.0
2025-09-12,2025.0,9.0,September,12.0,23.0
2025-09-13,2025.0,9.0,September,13.0,93.0
2025-09-14,2025.0,9.0,September,14.0,5.0
2025-09-15,2025.0,9.0,September,15.0,87.0
2025-09-16,2025.0,9.0,September,16.0,73.0
2025-09-17,2025.0,9.0,September,17.0,63.0
2025-09-18,2025.0,9.0,September,18.0,9.0
2025-09-19,2025.0,9.0,September,19.0,71.0
2025-09-20,2025.0,9.0,September,20.0,36.0
2025-09-21,2025.0,9.0,September,21.0,24.0
2025-09-22,2025.0,9.0,September,22.0,70.0
2025-09-23,2025.0,9.0,September,23.0,42.0
2025-09-24,2025.0,9.0,September,24.0,63.0
2025-09-25,2025.0,9.0,September,25.0,62.0
2025-09-26,2025.0,9.0,September,26.0,48.0
2025-09-27,2025.0,9.0,September,27.0,96.0
2025-09-28,2025.0,9.0,September,28.0,84.0
2025-09-29,2025.0,9.0,September,29.0,48.0
2025-09-30,2025.0,9.0,September,30.0,17.0
2025-10-02,2025.0,10.0,October,2.0,41.0
2025-10-03,2025.0,10.0,October,3.0,96.0
2025-10-04,2025.0,10.0,October,4.0,87.0
2025-10-05,2025.0,10.0,October,5.0,62.0
2025-10-06,2025.0,10.0,October,6.0,55.0
2025-10-07,2025.0,10.0,October,7.0,25.0
2025-10-08,2025.0,10.0,October,8.0,45.0
2025-10-09,2025.0,10.0,October,9.0,85.0
2025-10-10,2025.0,10.0,October,10.0,73.0
2025-10-11,2025.0,10.0,October,11.0,22.0
2025-10-12,2025.0,10.0,October,12.0,88.0
2025-10-13,2025.0,10.0,October,13.0,75.0
2025-10-14,2025.0,10.0,October,14.0,24.0
2025-10-15,2025.0,10.0,October,15.0,92.0
2025-10-16,2025.0,10.0,October,16.0,50.0
2025-10-17,2025.0,10.0,October,17.0,60.0
2025-10-18,2025.0,10.0,October,18.0,55.0
2025-10-19,2025.0,10.0,October,19.0,4.0
2025-10-20,2025.0,10.0,October,20.0,75.0
2025-10-21,2025.0,10.0,October,21.0,88.0
2025-10-22,2025.0,10.0,October,22.0,38.0
2025-10-23,2025.0,10.0,October,23.0,68.0
2025-10-24,2025.0,10.0,October,24.0,50.0
2025-10-25,2025.0,10.0,October,25.0,96.0
2025-10-26,2025.0,10.0,October,26.0,61.0
2025-10-27,2025.0,10.0,October,27.0,33.0
2025-10-28,2025.0,10.0,October,28.0,68.0
2025-10-29,2025.0,10.0,October,29.0,37.0
2025-10-30,2025.0,10.0,October,30.0,40.0
2025-10-31,2025.0,10.0,October,31.0,36.0
2025-11-02,2025.0,11.0,November,2.0,37.0
2025-11-03,2025.0,11.0,November,3.0,89.0
2025-11-04,2025.0,11.0,November,4.0,29.0
2025-11-05,2025.0,11.0,November,5.0,92.0
2025-11-06,2025.0,11.0,November,6.0,68.0
2025-11-07,2025.0,11.0,November,7.0,94.0
2025-11-08,2025.0,11.0,November,8.0,85.0
2025-11-09,2025.0,11.0,November,9.0,8.0
2025-11-10,2025.0,11.0,November,10.0,67.0
2025-11-11,2025.0,11.0,November,11.0,51.0
2025-11-12,2025.0,11.0,November,12.0,37.0
2025-11-13,2025.0,11.0,November,13.0,53.0
2025-11-14,2025.0,11.0,November,14.0,55.0
2025-11-15,2025.0,11.0,November,15.0,20.0
2025-11-16,2025.0,11.0,November,16.0,51.0
2025-11-17,2025.0,11.0,November,17.0,28.0
2025-11-18,2025.0,11.0,November,18.0,41.0
2025-11-19,2025.0,11.0,November,19.0,75.0
2025-11-20,2025.0,11.0,November,20.0,60.0
2025-11-21,2025.0,11.0,November,21.0,24.0
2025-11-22,2025.0,11.0,November,22.0,83.0
2025-11-23,2025.0,11.0,November,23.0,68.0
2025-11-24,2025.0,11.0,November,24.0,34.0
2025-11-25,2025.0,11.0,November,25.0,67.0
2025-11-26,2025.0,11.0,November,26.0,22.0
2025-11-27,2025.0,11.0,November,27.0,6.0
2025-11-28,2025.0,11.0,November,28.0,57.0
2025-11-29,2025.0,11.0,November,29.0,8.0
2025-11-30,2025.0,11.0,November,30.0,60.0
2025-12-02,2025.0,12.0,December,2.0,71.0
2025-12-03,2025.0,12.0,December,3.0,27.0
2025-12-04,2025.0,12.0,December,4.0,72.0
2025-12-05,2025.0,12.0,December,5.0,64.0
2025-12-06,2025.0,12.0,December,6.0,78.0
2025-12-07,2025.0,12.0,December,7.0,79.0
2025-12-08,2025.0,12.0,December,8.0,96.0
2025-12-09,2025.0,12.0,December,9.0,25.0
2025-12-10,2025.0,12.0,December,10.0,41.0
2025-12-11,2025.0,12.0,December,11.0,43.0
2025-12-12,2025.0,12.0,December,12.0,31.0
2025-12-13,2025.0,12.0,December,13.0,99.0
2025-12-14,2025.0,12.0,December,14.0,38.0
2025-12-15,2025.0,12.0,December,15.0,97.0
2025-12-16,2025.0,12.0,December,16.0,49.0
2025-12-17,2025.0,12.0,December,17.0,13.0
2025-12-18,2025.0,12.0,December,18.0,81.0
2025-12-19,2025.0,12.0,December,19.0,32.0
2025-12-20,2025.0,12.0,December,20.0,73.0
2025-12-21,2025.0,12.0,December,21.0,41.0
2025-12-22,2025.0,12.0,December,22.0,61.0
2025-12-23,2025.0,12.0,December,23.0,44.0
2025-12-24,2025.0,12.0,December,24.0,34.0
2025-12-25,2025.0,12.0,December,25.0,19.0
2025-12-26,2025.0,12.0,December,26.0,92.0
2025-12-27,2025.0,12.0,December,27.0,43.0
2025-12-28,2025.0,12.0,December,28.0,29.0
2025-12-29,2025.0,12.0,December,29.0,53.0
2025-12-30,2025.0,12.0,December,30.0,78.0
2025-12-31,2025.0,12.0,December,31.0,62.0
2026-01-02,2026.0,1.0,January,2.0,65.0
2026-01-03,2026.0,1.0,January,3.0,63.0
2026-01-04,2026.0,1.0,January,4.0,44.0
2026-01-05,2026.0,1.0,January,5.0,88.0
2026-01-06,2026.0,1.0,January,6.0,18.0
2026-01-07,2026.0,1.0,January,7.0,61.0
2026-01-08,2026.0,1.0,January,8.0,6.0
2026-01-09,2026.0,1.0,January,9.0,95.0
2026-01-10,2026.0,1.0,January,10.0,24.0
2026-01-11,2026.0,1.0,January,11.0,5.0
2026-01-12,2026.0,1.0,January,12.0,33.0
2026-01-13,2026.0,1.0,January,13.0,51.0
2026-01-14,2026.0,1.0,January,14.0,5.0
2026-01-15,2026.0,1.0,January,15.0,56.0
2026-01-16,2026.0,1.0,January,16.0,42.0
2026-01-17,2026.0,1.0,January,17.0,54.0
2026-01-18,2026.0,1.0,January,18.0,87.0
2026-01-19,2026.0,1.0,January,19.0,65.0
2026-01-20,2026.0,1.0,January,20.0,68.0
2026-01-21,2026.0,1.0,January,21.0,2.0
2026-01-22,2026.0,1.0,January,22.0,82.0
2026-01-23,2026.0,1.0,January,23.0,7.0
2026-01-24,2026.0,1.0,January,24.0,81.0
2026-01-25,2026.0,1.0,January,25.0,36.0
2026-01-26,2026.0,1.0,January,26.0,94.0
2026-01-27,2026.0,1.0,January,27.0,10.0
2026-01-28,2026.0,1.0,January,28.0,89.0
2026-01-29,2026.0,1.0,January,29.0,51.0
2026-01-30,2026.0,1.0,January,30.0,56.0
2026-01-31,2026.0,1.0,January,31.0,82.0
2026-02-02,2026.0,2.0,February,2.0,93.0
2026-02-03,2026.0,2.0,February,3.0,78.0
2026-02-04,2026.0,2.0,February,4.0,94.0
2026-02-05,2026.0,2.0,February,5.0,18.0
2026-02-06,2026.0,2.0,February,6.0,20.0
2026-02-07,2026.0,2.0,February,7.0,99.0
2026-02-08,2026.0,2.0,February,8.0,31.0
2026-02-09,2026.0,2.0,February,9.0,94.0
2026-02-10,2026.0,2.0,February,10.0,53.0
2026-02-11,2026.0,2.0,February,11.0,99.0
2026-02-12,2026.0,2.0,February,12.0,83.0
2026-02-13,2026.0,2.0,February,13.0,29.0
2026-02-14,2026.0,2.0,February,14.0,28.0
2026-02-15,2026.0,2.0,February,15.0,54.0
2026-02-16,2026.0,2.0,February,16.0,7.0
2026-02-17,2026.0,2.0,February,17.0,97.0
2026-02-18,2026.0,2.0,February,18.0,33.0
2026-02-19,2026.0,2.0,February,19.0,63.0
2026-02-20,2026.0,2.0,February,20.0,81.0
2026-02-21,2026.0,2.0,February,21.0,78.0
2026-02-22,2026.0,2.0,February,22.0,95.0
2026-02-23,2026.0,2.0,February,23.0,61.0
2026-02-24,2026.0,2.0,February,24.0,27.0
2026-02-25,2026.0,2.0,February,25.0,68.0
2026-02-26,2026.0,2.0,February,26.0,57.0
2026-02-27,2026.0,2.0,February,27.0,53.0
2026-02-28,2026.0,2.0,February,28.0,27.0
2026-03-02,2026.0,3.0,March,2.0,68.0
2026-03-03,2026.0,3.0,March,3.0,49.0
2026-03-04,2026.0,3.0,March,4.0,19.0
2026-03-05,2026.0,3.0,March,5.0,54.0
2026-03-06,2026.0,3.0,March,6.0,36.0
2026-03-07,2026.0,3.0,March,7.0,38.0
2026-03-08,2026.0,3.0,March,8.0,45.0
2026-03-09,2026.0,3.0,March,9.0,65.0
2026-03-10,2026.0,3.0,March,10.0,49.0
2026-03-11,2026.0,3.0,March,11.0,9.0
2026-03-12,2026.0,3.0,March,12.0,25.0
2026-03-13,2026.0,3.0,March,13.0,3.0
2026-03-14,2026.0,3.0,March,14.0,95.0
2026-03-15,2026.0,3.0,March,15.0,39.0
2026-03-16,2026.0,3.0,March,16.0,28.0
2026-03-17,2026.0,3.0,March,17.0,47.0
2026-03-18,2026.0,3.0,March,18.0,82.0
2026-03-19,2026.0,3.0,March,19.0,50.0
2026-03-20,2026.0,3.0,March,20.0,12.0
2026-03-21,2026.0,3.0,March,21.0,16.0
2026-03-22,2026.0,3.0,March,22.0,70.0
2026-03-23,2026.0,3.0,March,23.0,27.0
2026-03-24,2026.0,3.0,March,24.0,66.0
2026-03-25,2026.0,3.0,March,25.0,13.0
2026-03-26,2026.0,3.0,March,26.0,92.0
2026-03-27,2026.0,3.0,March,27.0,26.0
2026-03-28,2026.0,3.0,March,28.0,40.0
2026-03-29,2026.0,3.0,March,29.0,93.0
2026-03-30,2026.0,3.0,March,30.0,23.0
2026-03-31,2026.0,3.0,March,31.0,81.0
2026-04-02,2026.0,4.0,April,2.0,81.0
2026-04-03,2026.0,4.0,April,3.0,41.0
2026-04-04,2026.0,4.0,April,4.0,97.0
2026-04-05,2026.0,4.0,April,5.0,71.0
2026-04-06,2026.0,4.0,April,6.0,47.0
2026-04-07,2026.0,4.0,April,7.0,44.0
2026-04-08,2026.0,4.0,April,8.0,5.0
2026-04-09,2026.0,4.0,April,9.0,67.0
2026-04-10,2026.0,4.0,April,10.0,85.0
2026-04-11,2026.0,4.0,April,11.0,85.0
2026-04-12,2026.0,4.0,April,12.0,92.0
2026-04-13,2026.0,4.0,April,13.0,82.0
2026-04-14,2026.0,4.0,April,14.0,0.0
2026-04-15,2026.0,4.0,April,15.0,49.0
2026-04-16,2026.0,4.0,April,16.0,93.0
2026-04-17,2026.0,4.0,April,17.0,99.0
2026-04-18,2026.0,4.0,April,18.0,15.0
2026-04-19,2026.0,4.0,April,19.0,93.0
2026-04-20,2026.0,4.0,April,20.0,87.0
2026-04-21,2026.0,4.0,April,21.0,41.0
2026-04-22,2026.0,4.0,April,22.0,62.0
2026-04-23,2026.0,4.0,April,23.0,44.0
2026-04-24,2026.0,4.0,April,24.0,79.0
2026-04-25,2026.0,4.0,April,25.0,11.0
2026-04-26,2026.0,4.0,April,26.0,88.0
2026-04-27,2026.0,4.0,April,27.0,15.0
2026-04-28,2026.0,4.0,April,28.0,44.0
2026-04-29,2026.0,4.0,April,29.0,72.0
2026-04-30,2026.0,4.0,April,30.0,56.0
2026-05-02,2026.0,5.0,May,2.0,79.0
2026-05-03,2026.0,5.0,May,3.0,0.0
2026-05-04,2026.0,5.0,May,4.0,27.0
2026-05-05,2026.0,5.0,May,5.0,6.0
2026-05-06,2026.0,5.0,May,6.0,3.0
2026-05-07,2026.0,5.0,May,7.0,84.0
2026-05-08,2026.0,5.0,May,8.0,6.0
2026-05-09,2026.0,5.0,May,9.0,19.0
2026-05-10,2026.0,5.0,May,10.0,62.0
2026-05-11,2026.0,5.0,May,11.0,10.0
2026-05-12,2026.0,5.0,May,12.0,8.0
2026-05-13,2026.0,5.0,May,13.0,46.0
2026-05-14,2026.0,5.0,May,14.0,76.0
2026-05-15,2026.0,5.0,May,15.0,74.0
2026-05-16,2026.0,5.0,May,16.0,73.0
2026-05-17,2026.0,5.0,May,17.0,76.0
2026-05-18,2026.0,5.0,May,18.0,88.0
2026-05-19,2026.0,5.0,May,19.0,39.0
2026-05-20,2026.0,5.0,May,20.0,74.0
2026-05-21,2026.0,5.0,May,21.0,96.0
2026-05-22,2026.0,5.0,May,22.0,71.0
2026-05-23,2026.0,5.0,May,23.0,16.0
2026-05-24,2026.0,5.0,May,24.0,97.0
2026-05-25,2026.0,5.0,May,25.0,73.0
2026-05-26,2026.0,5.0,May,26.0,9.0
2026-05-27,2026.0,5.0,May,27.0,83.0
2026-05-28,2026.0,5.0,May,28.0,64.0
2026-05-29,2026.0,5.0,May,29.0,53.0
2026-05-30,2026.0,5.0,May,30.0,71.0
2026-05-31,2026.0,5.0,May,31.0,36.0
2026-06-02,2026.0,6.0,June,2.0,11.0
2026-06-03,2026.0,6.0,June,3.0,48.0
2026-06-04,2026.0,6.0,June,4.0,47.0
2026-06-05,2026.0,6.0,June,5.0,78.0
2026-06-06,2026.0,6.0,June,6.0,10.0
2026-06-07,2026.0,6.0,June,7.0,28.0
2026-06-08,2026.0,6.0,June,8.0,62.0
2026-06-09,2026.0,6.0,June,9.0,26.0
2026-06-10,2026.0,6.0,June,10.0,65.0
2026-06-11,2026.0,6.0,June,11.0,31.0
2026-06-12,2026.0,6.0,June,12.0,52.0
2026-06-13,2026.0,6.0,June,13.0,71.0
2026-06-14,2026.0,6.0,June,14.0,40.0
2026-06-15,2026.0,6.0,June,15.0,5.0
2026-06-16,2026.0,6.0,June,16.0,86.0
2026-06-17,2026.0,6.0,June,17.0,3.0
2026-06-18,2026.0,6.0,June,18.0,43.0
2026-06-19,2026.0,6.0,June,19.0,37.0
2026-06-20,2026.0,6.0,June,20.0,13.0
2026-06-21,2026.0,6.0,June,21.0,56.0
2026-06-22,2026.0,6.0,June,22.0,76.0
2026-06-23,2026.0,6.0,June,23.0,70.0
2026-06-24,2026.0,6.0,June,24.0,97.0
2026-06-25,2026.0,6.0,June,25.0,46.0
2026-06-26,2026.0,6.0,June,26.0,85.0
2026-06-27,2026.0,6.0,June,27.0,60.0
2026-06-28,2026.0,6.0,June,28.0,17.0
2026-06-29,2026.0,6.0,June,29.0,53.0
2026-06-30,2026.0,6.0,June,30.0,40.0
2026-07-02,2026.0,7.0,July,2.0,24.0
2026-07-03,2026.0,7.0,July,3.0,39.0
2026-07-04,2026.0,7.0,July,4.0,91.0
2026-07-05,2026.0,7.0,July,5.0,23.0
2026-07-06,2026.0,7.0,July,6.0,6.0
2026-07-07,2026.0,7.0,July,7.0,19.0
2026-07-08,2026.0,7.0,July,8.0,53.0
2026-07-09,2026.0,7.0,July,9.0,2.0
2026-07-10,2026.0,7.0,July,10.0,26.0
2026-07-11,2026.0,7.0,July,11.0,53.0
2026-07-12,2026.0,7.0,July,12.0,26.0
2026-07-13,2026.0,7.0,July,13.0,66.0
2026-07-14,2026.0,7.0,July,14.0,73.0
2026-07-15,2026.0,7.0,July,15.0,16.0
2026-07-16,2026.0,7.0,July,16.0,28.0
2026-07-17,2026.0,7.0,July,17.0,32.0
2026-07-18,2026.0,7.0,July,18.0,85.0
